Run,RMSE,R2
1,0.2818736670736289,0.9371800449136857
2,0.27909950116238746,0.9383285151366445
3,0.27680199601059946,0.9393573585690242
4,0.27538781862612416,0.9412745218827104
5,0.28153568140865554,0.9390237264148608
6,0.2786007667598125,0.9398773286591928
7,0.2792922269523818,0.9380162267950792
8,0.2808460876792139,0.9397038971780607
9,0.2786351454349334,0.9385292418375852
10,0.28149292547493404,0.9376632428964758
